t,count,id,data
1761843323.2452896,0,0x100,"[25, 176, 130, 237, 114, 163, 6]"
1761843323.2554812,1,0x7df,"[248, 62, 67, 34]"
1761843323.2656531,2,0x300,"[190, 220]"
1761843323.275828,3,0x300,"[65, 176, 75, 140, 241, 70, 223, 6]"
1761843323.2860231,4,0x300,"[182, 186, 143, 223]"
1761843323.296315,5,0x300,"[91, 155, 116, 170, 134]"
1761843323.3065224,6,0x200,"[184, 1, 180, 204]"
1761843323.3166943,7,0x7df,[37]
1761843323.32689,8,0x100,"[62, 211]"
1761843323.3371794,9,0x7e0,"[126, 61, 43, 27, 112, 224, 207]"
1761843323.347409,10,0x7e0,"[148, 181, 153, 219]"
1761843323.3576026,11,0x300,"[157, 159]"
1761843323.3677883,12,0x200,"[108, 93, 27]"
1761843323.3779783,13,0x7df,"[25, 215, 163, 103, 11, 83, 14, 158]"
1761843323.3881943,14,0x7df,"[13, 60, 135, 216, 205, 130, 158, 93]"
1761843323.39837,15,0x100,"[0, 253, 52, 176]"
1761843323.4085565,16,0x7e0,"[237, 49, 249, 78, 75, 132]"
1761843323.4187307,17,0x7df,"[70, 8, 222, 62]"
1761843323.4289093,18,0x7e0,[128]
1761843323.4391086,19,0x7df,"[110, 160, 1, 3]"
1761843323.4492989,20,0x100,"[68, 183, 88, 163, 46]"
1761843323.4595034,21,0x100,"[116, 175, 77, 18, 134]"
1761843323.469734,22,0x7e0,"[0, 125, 14, 50, 126, 93, 3]"
1761843323.4799476,23,0x300,"[219, 206, 246, 183, 137, 188, 221, 97]"
1761843323.4901428,24,0x100,[]
1761843323.5003202,25,0x300,"[190, 213]"
1761843323.5104961,26,0x300,"[112, 199, 7, 10, 101, 186, 34, 246]"
1761843323.5206847,27,0x200,"[185, 68, 190, 89, 163, 245, 122, 38]"
1761843323.5308459,28,0x7df,"[21, 12, 4]"
1761843323.5410085,29,0x7e0,"[140, 215]"
1761843323.5512156,30,0x100,"[16, 213, 209, 122, 103, 12]"
1761843323.5614135,31,0x300,[]
1761843323.571614,32,0x7e0,"[44, 45]"
1761843323.5818179,33,0x300,"[98, 44, 79, 245, 97, 10, 138]"
1761843323.592008,34,0x300,"[97, 2, 192, 139]"
1761843323.6022124,35,0x7df,"[227, 214, 53, 14, 94, 56, 84]"
1761843323.6123538,36,0x200,"[190, 45, 117, 81]"
1761843323.6225183,37,0x300,"[14, 84, 86, 162, 145]"
1761843323.6326632,38,0x7e0,"[22, 73, 219]"
1761843323.6428268,39,0x100,"[55, 171]"
1761843323.6530023,40,0x200,"[226, 147]"
1761843323.663146,41,0x100,"[165, 166, 245, 54]"
1761843323.6733356,42,0x200,"[214, 227, 196, 10, 235, 132, 122, 16]"
1761843323.683513,43,0x7df,"[192, 40, 80, 241, 22]"
1761843323.6937351,44,0x7df,"[48, 29, 187, 97, 128]"
1761843323.7039657,45,0x300,"[94, 159, 106, 44, 74, 122]"
1761843323.714204,46,0x200,"[179, 83, 224, 138, 149, 112]"
1761843323.7244544,47,0x100,"[240, 48, 9, 154, 147, 73]"
1761843323.7346618,48,0x7df,"[64, 91, 117, 93, 20, 72, 186, 69]"
1761843323.7448008,49,0x200,"[95, 7]"
1761843323.7549746,50,0x7e0,"[64, 185, 42, 125, 145, 243]"
1761843323.7651217,51,0x7e0,"[225, 54, 216]"
1761843323.7752757,52,0x100,"[246, 159, 210, 235, 93, 147]"
1761843323.7854707,53,0x300,"[116, 214, 122, 133, 188, 198, 225, 119]"
1761843323.7956433,54,0x7e0,[218]
1761843323.8058343,55,0x200,"[201, 143, 179, 52, 152, 195]"
1761843323.8160083,56,0x200,"[254, 127, 205, 112, 190, 105, 47]"
1761843323.8262448,57,0x300,"[163, 240, 96]"
1761843323.8364682,58,0x200,"[61, 247, 153, 13, 0, 157]"
1761843323.8466716,59,0x100,[]
1761843323.8568923,60,0x7df,"[111, 155]"
1761843323.867091,61,0x7e0,"[228, 64, 63, 180]"
1761843323.8773012,62,0x300,[]
1761843323.8875113,63,0x7e0,"[23, 90, 194]"
1761843323.8976781,64,0x7e0,[141]
1761843323.9078653,65,0x7e0,"[53, 62, 95, 8, 125, 99, 249, 62]"
1761843323.9180903,66,0x100,[158]
1761843323.928268,67,0x200,"[26, 7, 21, 137, 76, 120, 2]"
1761843323.938507,68,0x7df,"[95, 151, 234, 147, 243, 15, 201]"
1761843323.9487138,69,0x7df,[146]
1761843323.9589405,70,0x7df,"[69, 188, 51, 182]"
1761843323.9692516,71,0x300,"[148, 60, 0, 241, 193, 70]"
1761843323.979528,72,0x300,"[45, 209, 246, 66, 147]"
1761843323.9897542,73,0x200,"[196, 244, 171, 197, 137, 174, 102]"
1761843323.9999459,74,0x7e0,[202]
1761843324.0101175,75,0x200,[]
1761843324.0203059,76,0x200,"[56, 50, 182, 189, 80]"
1761843324.030485,77,0x100,"[36, 224, 131, 183, 103]"
1761843324.0406733,78,0x200,"[218, 183, 247, 252, 4, 35, 157]"
1761843324.0508502,79,0x7e0,"[144, 152, 77]"
1761843324.0610785,80,0x200,[]
1761843324.0713367,81,0x7e0,"[181, 40, 11, 110, 226]"
1761843324.0815582,82,0x100,"[184, 10, 176, 182]"
1761843324.0917337,83,0x300,"[248, 133, 129, 255]"
1761843324.1019533,84,0x100,"[42, 213]"
1761843324.1120958,85,0x7e0,[250]
1761843324.122271,86,0x300,"[71, 187, 167, 142, 130, 115, 214]"
1761843324.1324377,87,0x100,"[236, 58, 62, 139, 203, 191, 136, 67]"
1761843324.1426177,88,0x100,"[52, 55, 53, 127, 237, 84]"
1761843324.1528163,89,0x7df,"[5, 160, 16, 64, 255]"
1761843324.1630144,90,0x100,"[231, 167, 77, 55, 25]"
1761843324.1732326,91,0x200,"[124, 13, 166, 154, 190]"
1761843324.183416,92,0x7df,"[209, 204, 135, 5, 0]"
1761843324.1935618,93,0x300,"[15, 196, 153, 175, 4, 57, 103]"
1761843324.2037435,94,0x7df,"[122, 106, 172, 2, 107, 129, 147, 94]"
1761843324.2139206,95,0x7df,"[12, 20, 5, 139, 122, 86]"
1761843324.2240815,96,0x100,"[107, 243, 6, 175, 128]"
1761843324.2342665,97,0x7e0,"[194, 226, 249, 199, 90, 241, 232, 63]"
1761843324.244424,98,0x7df,"[246, 207, 132, 18, 62, 45, 18, 237]"
1761843324.2546198,99,0x7df,"[118, 185, 210, 17, 46, 185, 8, 32]"
1761843324.2648,100,0x100,"[192, 69, 167, 220, 154, 13, 76]"
1761843324.274991,101,0x200,"[198, 41, 100, 133, 59, 145]"
1761843324.285204,102,0x7e0,"[252, 253, 234]"
1761843324.29537,103,0x200,"[215, 101, 41, 230, 198, 169, 185]"
1761843324.3055534,104,0x300,"[94, 228, 205, 109]"
1761843324.315709,105,0x200,"[73, 199, 160, 29, 207, 213, 32, 91]"
1761843324.325887,106,0x7df,"[112, 202, 201, 228, 141, 33, 17]"
1761843324.3360631,107,0x100,"[229, 178, 105, 6, 60]"
1761843324.3462505,108,0x7e0,"[131, 201, 221, 200, 52, 34, 25, 26]"
1761843324.3564296,109,0x200,"[5, 213, 191, 56, 212, 228, 147]"
1761843324.3666198,110,0x100,[184]
1761843324.3767736,111,0x200,"[66, 142, 85]"
1761843324.3869472,112,0x7e0,"[16, 236]"
1761843324.397098,113,0x7e0,"[215, 232, 107, 167, 78, 57, 137, 43]"
1761843324.407274,114,0x100,"[232, 80, 96, 129, 150, 240, 198]"
1761843324.417467,115,0x7df,"[204, 126, 81, 18, 50]"
1761843324.4276357,116,0x7df,"[115, 181, 172, 23]"
1761843324.4378426,117,0x7df,[]
1761843324.448218,118,0x7df,"[10, 34, 176]"
1761843324.4584572,119,0x200,"[135, 111, 74, 240, 143, 48]"
1761843324.4686453,120,0x100,"[19, 118, 67]"
1761843324.4788232,121,0x100,"[144, 149, 8]"
1761843324.4890056,122,0x7df,"[233, 243, 228, 68, 248, 187, 221, 174]"
1761843324.4991698,123,0x200,"[207, 83, 1]"
1761843324.5093172,124,0x7e0,"[89, 134, 190, 14, 13]"
1761843324.5194921,125,0x300,"[250, 23, 138, 7, 14, 14, 35]"
1761843324.5296566,126,0x200,"[181, 131, 189, 250, 213, 226]"
1761843324.5398285,127,0x7df,"[139, 192, 48, 196, 103]"
1761843324.5500169,128,0x200,"[220, 120, 246, 94, 24, 50, 117, 140]"
1761843324.560224,129,0x7df,[78]
1761843324.570458,130,0x7e0,"[236, 57, 110, 55, 119, 120]"
1761843324.5806417,131,0x7df,"[237, 132, 230]"
1761843324.590814,132,0x200,"[227, 33, 122, 127, 144]"
1761843324.601004,133,0x7df,"[45, 208, 85, 212]"
1761843324.6111567,134,0x7e0,[221]
1761843324.6213305,135,0x7df,[]
1761843324.6314878,136,0x7e0,"[112, 195, 228]"
1761843324.6416376,137,0x7df,"[21, 127, 9, 119, 95]"
1761843324.6517994,138,0x7df,"[237, 199, 71, 103]"
1761843324.661948,139,0x100,"[210, 131, 189]"
1761843324.6722295,140,0x7df,[163]
1761843324.6823788,141,0x7e0,"[214, 51, 198, 169, 219]"
1761843324.692557,142,0x300,"[86, 82, 165, 98, 112, 53]"
1761843324.7027364,143,0x100,[]
1761843324.7129357,144,0x200,[]
1761843324.7231307,145,0x7df,"[37, 219, 23]"
1761843324.73332,146,0x100,"[170, 78]"
1761843324.7434826,147,0x100,"[29, 64, 48, 233, 17, 188, 228]"
1761843324.7536874,148,0x300,"[150, 226, 11, 235, 129]"
1761843324.7638638,149,0x7e0,"[146, 114, 240, 44, 80, 200]"
1761843324.7740452,150,0x300,"[221, 153]"
1761843324.7842577,151,0x300,"[230, 43, 22, 155, 37]"
1761843324.7944436,152,0x7df,"[216, 178]"
1761843324.8046398,153,0x7df,"[30, 26, 81, 175, 184, 142]"
1761843324.8148217,154,0x7df,"[158, 199]"
1761843324.8249674,155,0x7e0,"[244, 167, 75, 73, 84, 96, 220]"
1761843324.8351824,156,0x200,"[202, 138, 91, 175, 241, 39]"
1761843324.8454444,157,0x7df,"[226, 134, 205]"
1761843324.8556435,158,0x7e0,"[204, 249, 217, 247, 119, 25]"
1761843324.8658204,159,0x100,"[199, 182]"
1761843324.875983,160,0x7df,[229]
1761843324.8861444,161,0x7df,"[21, 106, 67, 36, 137, 85]"
1761843324.8963618,162,0x100,"[170, 15, 119, 69]"
1761843324.906562,163,0x100,"[29, 161, 10, 172, 38, 252]"
1761843324.9167547,164,0x7df,"[250, 175, 52, 220, 144, 213, 211]"
1761843324.9269032,165,0x200,[183]
1761843324.9370828,166,0x7df,"[23, 243, 187]"
1761843324.9472704,167,0x7df,"[113, 41, 202, 144, 191]"
1761843324.957447,168,0x300,"[255, 27, 26, 227]"
1761843324.9676454,169,0x300,[99]
1761843324.9778416,170,0x200,[254]
1761843324.9880593,171,0x200,"[156, 124]"
1761843324.9982352,172,0x100,"[152, 156]"
1761843325.0083854,173,0x100,"[128, 34, 32, 145, 241, 33, 95, 213]"
1761843325.018571,174,0x100,"[138, 17, 37, 124, 175, 180, 5]"
1761843325.028728,175,0x200,"[24, 223]"
1761843325.0389123,176,0x7e0,"[86, 83, 241, 254, 85]"
1761843325.0491066,177,0x100,[]
1761843325.0592477,178,0x100,"[149, 184]"
1761843325.069446,179,0x7e0,"[207, 92, 170, 58, 80, 157, 60, 116]"
1761843325.0796413,180,0x300,"[65, 234, 63, 23, 136]"
1761843325.0898352,181,0x7e0,"[110, 35, 203, 224, 56]"
1761843325.100038,182,0x300,"[146, 171, 36]"
1761843325.110254,183,0x200,"[63, 14]"
1761843325.120621,184,0x7df,"[91, 10, 131, 37, 164]"
1761843325.1313457,185,0x200,"[116, 158, 156, 215, 75, 74]"
1761843325.1415577,186,0x7e0,"[96, 164, 191, 31]"
1761843325.1517425,187,0x100,"[208, 99, 25]"
1761843325.1619132,188,0x100,[]
1761843325.1720965,189,0x200,"[250, 28, 192, 240]"
1761843325.1822782,190,0x7e0,[42]
1761843325.1924474,191,0x300,"[175, 105, 31, 232, 219]"
1761843325.202636,192,0x200,"[57, 170, 192, 23, 167, 5, 51, 208]"
1761843325.2128043,193,0x300,"[225, 32, 105, 19, 203, 94, 97, 158]"
1761843325.223,194,0x100,"[34, 62, 125, 236, 174]"
1761843325.2332215,195,0x300,[203]
1761843325.243451,196,0x200,"[215, 146, 95, 243]"
1761843325.253619,197,0x7e0,"[220, 228, 16, 189, 122, 65]"
1761843325.2638195,198,0x100,"[171, 117, 153, 176, 133, 166]"
1761843325.2740002,199,0x200,"[196, 190, 30, 122, 8]"
1761843325.2842014,200,0x100,[128]
1761843325.2943425,201,0x200,"[31, 123]"
1761843325.3044922,202,0x7e0,"[170, 249, 54, 239]"
1761843325.314692,203,0x300,"[250, 0, 183, 130, 211, 10, 170]"
1761843325.324874,204,0x200,"[139, 7, 11, 173, 37, 79]"
1761843325.3350835,205,0x300,"[165, 41]"
1761843325.345287,206,0x200,"[111, 160]"
1761843325.3555198,207,0x300,"[230, 242, 80, 2, 210, 165, 101]"
1761843325.3656933,208,0x300,"[63, 61, 90]"
1761843325.375831,209,0x200,"[127, 71, 54]"
1761843325.3859725,210,0x300,"[246, 195, 202, 165, 216]"
1761843325.3961072,211,0x7e0,"[66, 130]"
1761843325.4062521,212,0x100,[215]
1761843325.4164329,213,0x7e0,"[143, 63, 230, 92, 178, 200, 226, 146]"
1761843325.4266174,214,0x7df,"[31, 252, 169, 66]"
1761843325.436828,215,0x7df,"[231, 16, 53, 153]"
1761843325.4469995,216,0x7e0,"[202, 76, 252, 110, 111, 250]"
1761843325.457182,217,0x7df,"[144, 234, 169]"
1761843325.467367,218,0x200,"[134, 127, 205, 122, 24, 231, 218]"
1761843325.4775145,219,0x300,"[74, 233, 254]"
1761843325.4876788,220,0x300,"[228, 199, 185, 81, 243, 39]"
1761843325.49786,221,0x300,"[64, 157, 56, 223, 74]"
1761843325.5080552,222,0x7df,"[168, 37, 89, 187]"
1761843325.5182834,223,0x7e0,"[168, 88, 186, 20, 130, 46]"
1761843325.5284743,224,0x300,"[147, 73]"
1761843325.5386906,225,0x7df,"[79, 131, 55, 30]"
1761843325.5489237,226,0x7df,"[173, 46, 14, 7, 132, 191]"
1761843325.5591285,227,0x100,"[111, 97, 181, 2]"
1761843325.5694106,228,0x300,"[30, 123, 208, 247, 46, 114]"
1761843325.5795894,229,0x7e0,[]
1761843325.5897412,230,0x7df,"[71, 168, 124, 199, 221, 157, 23, 222]"
1761843325.599936,231,0x7df,"[26, 236, 14, 120, 221, 118, 200, 130]"
1761843325.610119,232,0x7df,[145]
1761843325.6202588,233,0x300,"[14, 157, 169, 121, 30, 44]"
1761843325.630426,234,0x100,"[151, 108, 3, 44]"
1761843325.6405814,235,0x300,[]
1761843325.6507509,236,0x200,"[159, 237, 19, 59, 116, 60, 116]"
1761843325.6608965,237,0x100,"[231, 68, 89]"
1761843325.6710649,238,0x200,"[47, 240, 74, 30, 214, 215]"
1761843325.6812327,239,0x100,"[100, 89, 171, 87]"
1761843325.6913826,240,0x300,"[155, 112, 156, 68, 223, 255]"
1761843325.7015374,241,0x7e0,"[159, 255, 170, 193]"
1761843325.711709,242,0x100,[]
1761843325.7218847,243,0x100,[]
1761843325.7320368,244,0x300,[]
1761843325.7422602,245,0x7df,"[4, 42, 161]"
1761843325.752413,246,0x7df,[]
1761843325.7625566,247,0x7e0,"[20, 246]"
1761843325.7727277,248,0x100,[5]
1761843325.782854,249,0x100,"[200, 231, 254, 196, 211, 116, 220, 213]"
1761843325.7929976,250,0x100,[38]
1761843325.8031456,251,0x200,[]
1761843325.813367,252,0x100,"[94, 174, 201, 44, 162]"
1761843325.823575,253,0x300,"[28, 79, 53, 164]"
1761843325.833765,254,0x200,[]
1761843325.8439782,255,0x100,[140]
1761843325.8541744,256,0x300,"[188, 162, 48]"
1761843325.8644001,257,0x7df,"[86, 236, 246, 78, 132, 127, 16]"
1761843325.8745863,258,0x200,"[175, 171]"
1761843325.884767,259,0x7e0,"[67, 85, 97]"
1761843325.894949,260,0x300,"[148, 219, 245, 134, 97, 127, 150]"
1761843325.9053087,261,0x7df,"[194, 225, 162, 26, 57, 169, 64]"
1761843325.9155061,262,0x100,[]
1761843325.925715,263,0x7df,"[236, 21, 106, 78, 104, 142]"
1761843325.9359293,264,0x200,"[188, 168, 51, 69, 229, 83, 176, 211]"
1761843325.9461114,265,0x100,"[224, 97, 98, 158]"
1761843325.9563112,266,0x7df,"[143, 129, 136, 238]"
1761843325.9664683,267,0x200,"[196, 69]"
1761843325.976636,268,0x200,"[57, 155, 159, 195, 223]"
1761843325.986806,269,0x7df,[]
1761843325.9969609,270,0x7e0,"[234, 71, 17, 229, 187, 149, 167]"
1761843326.0071383,271,0x7df,"[137, 165, 175]"
1761843326.0173132,272,0x7df,"[152, 15, 77, 187, 63, 124, 46, 118]"
1761843326.0274684,273,0x300,"[182, 49, 6, 228, 55, 28]"
1761843326.03761,274,0x200,"[165, 88, 231]"
